Id,TitleId,RealName,CharacterName,Role
2071628628,1398081866,Elinor Luettgen,Alphonso,Director
1588102611,1386960038,Donald Haag,Allie,Screenwriter
51750710,1369709569,Amari Waters,Rosemarie,CostumeDesigner
780137020,1386960038,Ezekiel Schmidt,Marques,CostumeDesigner
15855178,1398552275,Antone Mosciski,Russel,Producer
819713012,938463307,Addie Miller,Rod,Actor
1898010628,897072793,Franz Langosh,Carlotta,Producer
1575480300,1581173443,Mariam Harris,Caden,Actor
827485780,1629347434,Eulah Haag,Kris,MusicComposer
457458090,1853092207,Jettie Glover,Amaya,CostumeDesigner
953992438,1232341006,,Laboriosam voluptatem vel quisquam beatae vero vero quisquam.,Actor
1769865096,754201807,,,Actor
930849324,878754160,Commodi nulla quis ratione eius.,Voluptatem quae repellendus tenetur quia eveniet qui vitae.,FilmEditor
1152510,1583809218,Kayley Gulgowski,Kiarra,Screenwriter
1239844027,1937047088,Modi modi laborum blanditiis eum.,Dolorem ipsum reprehenderit nam dolor provident deleniti aut.,Producer
187691646,1190392264,Melisa Rowe,Liliane,Cinematographer
2054844934,762412125,Russel Abbott,Jessyca,Actor
908668101,2120053384,Chaya Gusikowski,Everette,ProductionDesigner
181173373,1461712077,Rico Hagenes,Jewell,MusicComposer
802262130,1780730307,Lukas Pacocha,Caleigh,Producer
1490263451,920877495,Casimir Homenick,Aniya,Actress
1024310134,1829980830,Danny Beier,Marlene,ProductionDesigner
1294678822,880263383,Colton Zieme,Brando,Producer
1038209780,1583809218,Cum expedita qui laboriosam sunt.,Nostrum rem magnam alias voluptatem sed commodi omnis.,Screenwriter
1067810365,391983526,Ralph Frami,Uriel,Actor
1747719856,763324691,Elise Dibbert,Ellis,FilmEditor
2017889017,2130083584,Price Kertzmann,Kirsten,CostumeDesigner
1516974200,1386960038,Pearlie Langosh,Pete,Producer
846921096,647468563,Meagan Roberts,Norval,ProductionDesigner
529771902,2099863268,Brody Bradtke,Drew,Director
925695499,1937047088,Carolyn Lueilwitz,Travon,Actor
496893384,1153965787,Kip Jacobson,Lillie,FilmEditor
1120809372,1893264595,Virginia Wunsch,Lillian,FilmEditor
408074634,1523845873,Johathan Feeney,Alexandro,ProductionDesigner
1852545038,1063654766,Norbert Zieme,Alden,CostumeDesigner
1115795134,762412125,Brennon Hauck,Demetris,Cinematographer
958507956,1215995190,Douglas Kulas,Irwin,CostumeDesigner
1066770727,570377955,Josefina Mitchell,Rahsaan,Director
823963565,280162279,Josh Veum,Ewald,Actor
1986322079,1461712077,Cyrus Gleichner,Roman,MusicComposer
1376409761,57765204,Ruben Batz,Daphnee,Actress
919627676,317747194,Julian Bayer,Tyreek,Screenwriter
933640948,1063654766,Romaine Schiller,Destiney,Actress
65659029,1583809218,Lillie Hackett,Damian,MusicComposer
692991059,1583809218,Consectetur tenetur rerum illo nisi.,Nihil quas sit sequi aut dolor magnam ullam.,Director
618810819,2096432376,Hipolito D'Amore,Juston,FilmEditor
1194931873,1420356092,,,Cinematographer
1232945508,1097302822,Dayna Schaden,Dock,Actor
1217997415,764552874,,Rem placeat ut libero ipsum blanditiis quaerat iure.,ProductionDesigner
1538774862,281218965,,Laboriosam at in quidem maxime illum rerum beatae.,Actress
1150763432,569539431,Voluptas corporis quis voluptas aliquid.,Ad incidunt culpa eos consequatur adipisci culpa qui.,ProductionDesigner
1157229182,1111684980,Optio excepturi occaecati eum doloremque.,Deleniti est eos voluptatem incidunt dolorem minima distinctio.,MusicComposer
1308828771,1386960038,Cordelia Sipes,Keenan,Cinematographer
1198104227,943628417,Wava Haag,Annabelle,Producer
384994094,1071246966,,,Cinematographer
1698914019,341766824,Kathleen Grimes,Cleta,Cinematographer
550654769,878754160,Arianna Crist,Gerard,FilmEditor
808999873,1741950735,Omnis quia optio iusto quam.,Asperiores quia laboriosam odio vitae accusantium est iure.,Cinematographer
529992415,1628290078,Stephon Sipes,Destin,MusicComposer
1190028494,38177536,Gia Volkman,Corbin,MusicComposer
1913094439,1369709569,Lamont Kilback,Mervin,ProductionDesigner
1409374643,1457525216,Imelda Daugherty,Emmanuelle,Screenwriter
1528171544,1319324690,Caleb Wolff,Jared,FilmEditor
2027680979,1856641928,Columbus Smitham,Blaise,Screenwriter
199336104,570377955,Elinore Gleason,Alisha,CostumeDesigner
1232656154,334350509,Randi Leuschke,Kaleb,ProductionDesigner
1166775588,1937047088,Ettie Waters,Teagan,Actress
63450956,303434238,Madeline Christiansen,Christian,ProductionDesigner
906642836,880263383,Eos tempore exercitationem voluptatem eos.,Qui expedita eius ab nihil enim pariatur voluptas.,CostumeDesigner
1974360171,804788928,Garett Koepp,Everette,Screenwriter
170384002,1190392264,Deontae Lemke,Cassandra,MusicComposer
1415136141,440527848,Sigrid Jacobs,Nayeli,Actor
2144741601,1233884542,Werner Grant,Walton,MusicComposer
600034263,1523845873,Brant Bailey,Austen,Producer
2020401255,774890112,Wilfredo Hamill,Geo,MusicComposer
1195435898,1153965787,Cum eligendi fuga rerum aliquid.,A delectus quia sunt est commodi eos molestiae.,Producer
1080958950,770565066,Amir Ratke,Lilian,CostumeDesigner
1329686554,570377955,Randall Schoen,Evan,Producer
639900885,1386960038,Everette Quitzon,Marcia,Actress
2076126056,1583809218,Eos inventore placeat vitae necessitatibus.,Voluptatibus et et vero eos sunt dolores labore.,Director
1438851413,2058940451,Christian Kuvalis,Fabian,Screenwriter
598558888,1165683204,Leland Bartell,Maryse,FilmEditor
458588800,1629347434,Jamison Murazik,Kariane,Screenwriter
572548553,880263383,Houston Russel,Beaulah,ProductionDesigner
69975971,1581173443,Brown Dickens,Kiley,ProductionDesigner
1776239620,1015768730,,Dolor explicabo ducimus sed optio sint culpa doloribus.,FilmEditor
652941482,364860508,Guillermo Borer,Makenzie,Cinematographer
1081899306,1322935599,Marlin Kemmer,Fredy,Actor
140342802,806252165,Coleman White,Stefan,Producer
80669173,763324691,Shaniya Willms,Peyton,Actor
255368435,878754160,Henriette Stamm,Tom,Actor
2037442975,1965875063,,Vel ipsum voluptas neque laboriosam voluptatibus culpa temporibus.,Producer
1612965089,142511965,,,Actress
73945577,476253688,,,Actor
375201241,1190392264,Jolie D'Amore,Hallie,Director
1816708256,1455169324,Chloe Hills,Alaina,Actor
916193596,698529152,Judson Keebler,Arnaldo,Director
902569996,1780730307,Abdiel Gottlieb,Timothy,CostumeDesigner
11591368,1461712077,Jody Wintheiser,Jennie,Cinematographer
1506154387,938463307,Neil Rodriguez,Dante,MusicComposer
