Id,Title,Description,ReleaseYear,AgeCertification,Runtime,ProductionCountry,Seasons,Genres
2099863268,Tasty Fresh Towels Designer,Velit dignissimos molestias dolores et aliquid delectus id et non impedit in quod voluptatem commodi.,2022,NC-17,107,GIN,2,"Romance,Drama,SciFi"
1461712077,composite,Aut non rerum non nulla velit ut voluptatum consequatur atque tempore fugiat.,1965,TV-G,88,CUW,6,"Horror,Adventure"
315078282,Investment Account Checking Account Paraguay,Odio laudantium optio ea rerum.,1940,U,197,IOT,7,"Drama,Action"
280162279,Knolls markets Future override,Nam fuga aliquam blanditiis rerum velit quia.,1978,M,210,MUS,10,"Mystery,Comedy,Romance,Drama"
763324691,Nesciunt a dolore ad aspernatur et cumque repellat ipsa possimus ut eos commodi natus sint.,Nostrum deleniti odit ut quis deserunt eum quisquam eum et qui consectetur.,1,PG-13,13,EE,10,
341766824,"Bedfordshire Personal Loan Account intuitive Cuban Peso Convertible Shoes, Industrial & Beauty",Necessitatibus quaerat placeat qui tempore totam et est.,2000,R16,240,TJK,9,"Romance,Fantasy,Adventure,Mystery"
103653520,Quibusdam qui amet tenetur minus asperiores velit velit qui iusto molestiae voluptas saepe sapiente exercitationem.,Et unde nemo veritatis omnis aliquam voluptas enim cum.,1,18,11,TZ,1,Horror
1467109280,applications Ford SMS,Nulla impedit aut ut sed quos.,1978,X18,305,FRA,6,"Romance,Comedy"
1215995190,Avon,Minus et molestiae ratione necessitatibus aut voluptate corrupti earum consectetur eum neque consectetur tempore.,1945,U,328,DMA,0,"Fantasy,Western,Mystery,SciFi"
1398081866,maroon lime capacitor XSS,Est sit enim quasi nihil repellendus nesciunt rem explicabo mollitia quos necessitatibus nostrum placeat.,1952,15,125,OMN,0,SciFi
33338409,Numquam non officiis voluptatibus enim rerum error sit est accusamus praesentium id dolor aperiam reiciendis.,Quae corrupti distinctio et non nobis dolorem inventore doloribus.,1,MA15+,14,SN,9,Romance
774890112,synthesizing,Suscipit aperiam at beatae debitis natus quis reprehenderit.,1949,R,240,TKM,4,Adventure
1233884542,Cum qui laboriosam et minima quo qui a officiis sequi excepturi nisi totam dolor rerum.,Vel omnis aspernatur nihil sed et.,1,TV-Y7,25,AU,8,"Fantasy,Adventure,Action"
2058940451,reboot Avon Electronics instruction set help-desk,Quidem impedit fugit dolores ut rerum qui odio voluptatem repellat explicabo.,1985,PG-13,335,SJM,1,Fantasy
1628290078,Soft Fantastic alarm JSON Unbranded Granite Salad,Atque et eos enim tempora omnis voluptatem quia vel iusto vero reprehenderit ut molestiae eius.,1991,9,188,MEX,3,"Action,Mystery,Adventure,Comedy"
1206668099,Cape Verde Escudo Seamless Centralized,Consectetur atque fugit sed est similique non pariatur ea neque.,1947,U/A,214,LBY,10,"Comedy,SciFi,Adventure,Action"
1583809218,Spurs Tajikistan neural-net channels,Alias odit quidem sit sit aut officia molestias facere.,1986,NC-17,257,CMR,7,"Romance,Adventure,Western"
1987419000,Qui necessitatibus adipisci minus repellat non fuga et reiciendis asperiores hic voluptas facilis aliquam ea.,Dignissimos vel est minus dolor magni cum inventore aspernatur aut dolor.,1,9,15,EC,7,"Comedy,SciFi"
635783678,bypass,Iure velit ipsum eveniet in iusto et minus est quae laboriosam ipsa et quisquam voluptate.,1958,E,276,ALB,3,"Drama,Mystery"
569539431,Cotton Manat support Lesotho Loti solid state,Dolor doloremque non sed quam debitis suscipit illum dolores et unde saepe et eius est.,1956,C,98,DNK,5,"Adventure,Western"
1741950735,Quae enim deserunt rem dolor quae inventore voluptates eveniet ex architecto corporis officia et quidem.,Illum dolor quaerat eum sit autem.,1,15,24,PY,1,"SciFi,Thriller,Horror,Adventure"
1165683204,Sunt quo atque commodi harum dignissimos id quia vel quod aut ea pariatur culpa rerum.,Et repudiandae laboriosam ullam minima ad voluptatem ut qui eligendi deleniti consequatur sit ratione quia.,1,TV-MA,9,BG,5,Mystery
806252165,Tasty Metal Tuna Gold e-markets,Rem nesciunt provident aut ea voluptates itaque et voluptas et exercitationem est temporibus.,1991,S,203,IRQ,0,"Adventure,Romance"
698529152,system clicks-and-mortar,Sit id aliquid dolorum perferendis veniam quia nobis.,2005,9,304,KAZ,1,"Horror,Romance,Fantasy"
2083806122,Devolved functionalities multimedia Oklahoma Awesome,Tempora esse voluptatem aut velit enim optio minima eos.,1972,18,131,ZMB,1,"Comedy,Romance,SciFi,Drama"
440527848,Hills transmitter Usability Handmade,Aut repellendus sint dicta inventore dicta expedita sint.,1947,EC,206,ASM,0,"SciFi,Adventure,Action"
804788928,Groves calculating,Iusto ratione sed suscipit expedita quia reiciendis officia.,1967,18R,249,NRU,8,"Western,Thriller,Drama"
1153965787,"hub Beauty, Clothing & Garden Luxembourg unleash Credit Card Account",Est veritatis non deleniti explicabo exercitationem.,1993,U,162,COD,1,Action
878754160,Sint voluptatem officiis porro autem voluptatem expedita veniam voluptatem debitis reiciendis voluptas voluptatem ut voluptate.,Omnis voluptate officia odio eum magni est perspiciatis velit maxime.,1,PG,4,GI,0,
192093778,lime,Beatae molestiae nam voluptatum perferendis.,2002,CA,268,IMN,9,"SciFi,Adventure,Drama,Horror"
317747194,applications Bangladesh,Est error sequi quisquam illum quia cum est rerum sit rerum sit nam vel deleniti.,1959,9,137,KAZ,2,"Western,Mystery"
1118097839,matrix Row Division,Quasi nihil eos dicta voluptate.,1961,R18+,98,PAK,4,"Mystery,Action"
1464312,Ullam qui quas inventore rerum sunt iste beatae et et culpa aut a temporibus molestias.,Provident voluptatem sed ut numquam qui rerum eveniet voluptatem maxime.,1,18R,1,PY,7,Western
2130083584,Electronics & Jewelery withdrawal,Rem ut omnis non delectus.,2013,TV-Y,205,JPN,9,"Horror,Romance,Western,Drama"
2120053384,distributed,Enim sed qui maxime quam eaque minus est hic esse.,1968,9,243,MKD,2,Western
364860508,Nevada Mississippi,Dolores ut maxime quas consequuntur similique hic dolorum a odio nihil optio inventore reiciendis id.,1957,12,295,GNB,1,Western
920877495,open-source,Rerum voluptatem dolorum explicabo ut est ut qui consequatur.,1983,CA,237,SLB,10,"Action,Horror,Comedy,Western"
1780730307,Bedfordshire payment transmitting interactive lavender,Minima ut perferendis ipsa ducimus aperiam non omnis voluptatibus sed voluptas id dolores.,1979,X18,310,SUR,0,Drama
1937047088,application Steel,Officiis eos qui sed ab ab in facilis sit exercitationem sequi eum fuga sit ut.,2003,U/A,148,MOZ,0,"Comedy,Action"
1893264595,dynamic TCP navigating Program,Deserunt maiores et vitae ut minima nemo soluta ducimus doloribus qui totam et nemo.,1982,GP,305,KWT,4,Mystery
214826244,Graphic Interface attitude-oriented applications wireless,Tenetur quam non odit ipsa itaque voluptas fugit commodi vel.,1970,NC-17,240,ALB,3,Western
32570921,incubate Sweden parsing Customer-focused,Quis natus exercitationem rem quisquam.,1960,U,169,STP,7,Western
1842256351,,Accusantium aut aliquam sapiente odit eveniet natus id possimus eaque est laborum harum unde animi.,1,PG,6,KG,9,
1398552275,Facilis voluptas itaque enim sed accusantium laborum consectetur error dolores nihil aut impedit temporibus neque.,Ut sed aliquid possimus nesciunt dignissimos velit non perspiciatis minima et officiis magnam impedit.,1,CA,18,AW,4,
1629347434,Dominican Republic Pass Cambridgeshire,Quaerat et reprehenderit voluptatem doloribus debitis ipsa qui.,1959,U/A,312,UGA,2,"SciFi,Mystery"
827738641,Ergonomic Granite Chicken Generic Ergonomic Cotton Table,Tempora iure inventore iure consequatur sint est quas et quia sit iure quod.,1957,12,190,NAM,3,"Comedy,Adventure,Horror"
576319989,well-modulated,Enim aliquid et ut qui ipsa qui fugit inventore et ratione ut asperiores.,1956,M/PG,271,SRB,0,SciFi
997373220,Algerian Dinar National SMTP SSL synthesizing,Quis aperiam voluptate voluptas autem amet distinctio id non est veritatis ut accusantium est rerum.,1969,15,123,COL,4,"SciFi,Romance"
1111684980,Awesome Plastic Car,Necessitatibus laudantium consequuntur velit accusamus enim.,1970,12,237,NOR,5,"Action,Adventure"
81622735,CFA Franc BCEAO Front-line,Enim officiis natus quae fugit sunt veritatis aperiam harum eos.,1944,9,237,CCK,5,"Horror,Adventure,Drama"
1457525216,Summit Mayotte infomediaries,Facere et recusandae provident architecto incidunt.,2018,15,234,JPN,2,"Romance,Comedy,Drama"
811874587,composite web-readiness Security Borders back-end,Ex quia temporibus animi minima vero non et nisi eum.,1983,U/A,312,VAT,5,"Adventure,Western"
2039061055,compressing functionalities Grenada International Kansas,Omnis atque molestias autem ut deleniti.,1971,TV-Y7,208,MCO,10,Comedy
1319324690,Customer Illinois zero tolerance,Voluptatem ea et aperiam sed sit est voluptatum odio quis dolorem.,1995,TV-MA,143,SGP,0,"Western,Horror"
598448531,Quia magnam vel tempora tempora in dolore eius totam qui libero sint reiciendis nisi quis.,Magni porro ad et sunt quidem est ab.,1,M,19,IL,6,
1974923460,Saint Vincent and the Grenadines whiteboard Centralized Principal,Asperiores repellat quis sit iure atque.,1949,EC,235,CYP,0,"Thriller,Mystery,Action,Western"
262247245,Savings Account Fantastic Concrete Shirt magenta New Caledonia Sleek Soft Mouse,Atque amet eligendi dignissimos esse quasi.,2003,TV-14,188,UMI,6,"Adventure,Comedy,Horror"
2096432376,,Aliquid unde id aspernatur ut quo dignissimos adipisci accusamus sunt non est et.,1,R16,1,CV,9,
550754743,Generic Plastic Chair Bedfordshire deposit,Quaerat earum itaque velit nemo quia.,2019,R18,158,LTU,7,"Action,SciFi,Comedy,Thriller"
943628417,Canyon,Consequatur tenetur quo laudantium et dolorem.,2009,R21,336,SLE,1,"Adventure,SciFi,Horror"
1386960038,interactive deposit Investment Account redefine auxiliary,Officia error qui sed necessitatibus voluptatum assumenda velit.,1979,TV-Y,116,BHS,6,"Romance,Western"
303434238,Internal Concrete ROI XML,Ullam sed est nihil itaque voluptas praesentium dolor soluta quibusdam.,1941,TV-Y,128,GNQ,0,"Drama,Horror,Action"
1581173443,hack Fantastic,Numquam praesentium deserunt reiciendis autem tenetur distinctio deleniti assumenda quas.,1946,X18,273,TWN,8,Fantasy
1587883549,real-time calculate compressing Rial Omani,Et enim ut veniam rerum tenetur enim at qui provident error.,1994,S,88,GUY,2,"Adventure,Western,Comedy"
1829980830,pixel Future,Et eum omnis magni et consequatur laboriosam vel et occaecati magni temporibus nam aut.,2003,E10+,221,SMR,5,"Horror,Mystery,Thriller,Drama"
1063654766,SQL Representative mobile,Et doloribus recusandae error dolor et alias vel sit enim est ut.,1992,18,139,LIE,3,Mystery
1261266088,Slovenia parsing Congo Bedfordshire enable,Molestiae quo illo dolorem temporibus sit non est autem consequatur repudiandae molestiae.,1959,C,131,FRA,9,"SciFi,Mystery,Horror"
1523845873,extensible Rupiah Metal parse,Quasi ut aut eius quae sit ut assumenda dolorum ab.,1994,M/PG,181,IRN,8,Horror
647468563,Forward Agent Row sticky,Voluptates velit vitae tempora sequi itaque itaque quos voluptas facere autem molestias quo voluptas.,1950,12,146,BTN,0,"Comedy,Western"
201897988,Fantastic Rubber Gloves navigate Georgia,Accusantium a dolor corporis impedit laudantium et delectus sint quam et.,2021,MA15+,90,ARM,8,"Horror,Thriller"
1190392264,Quam earum occaecati quia qui iure aut repudiandae aut quo asperiores aut culpa incidunt ea.,Dolorum sit quis dolor et molestiae animi atque et.,1,R18+,6,FO,9,"SciFi,Action,Mystery,Fantasy"
38177536,digital Street SQL Credit Card Account,Qui neque dolorem deserunt at aut.,1999,9,317,JEY,1,"Western,Thriller,Mystery,Action"
570377955,Buckinghamshire generate,Repellat et voluptatem magni maxime hic temporibus reprehenderit voluptas perspiciatis debitis omnis maiores officiis.,1961,E,244,TZA,5,"Western,Horror,Romance,Mystery"
1097302822,scalable,Voluptatem omnis qui adipisci et dolore sunt atque laudantium non explicabo.,1967,18R,332,GLP,5,SciFi
72208964,innovative transition back up,Voluptate et dolorum aut voluptas.,2014,M,216,CXR,8,Adventure
897072793,users Regional demand-driven Nebraska Row,Qui ipsa quia expedita harum aut magni.,2020,TV-Y7,237,SJM,1,"SciFi,Fantasy,Comedy"
770565066,Visionary Profound Illinois bluetooth,Consectetur voluptatem mollitia fuga consequuntur.,1969,PG-13,126,COD,9,"Fantasy,Comedy,Drama,Mystery"
880263383,France Palestinian Territory,Et eaque non sed et animi aut eius.,1983,M,169,MNG,3,"SciFi,Mystery,Western,Romance"
1369709569,24 hour Outdoors hybrid mindshare,Voluptatum vel fugit explicabo qui est.,1952,TV-G,167,SLV,9,"Thriller,SciFi,Comedy,Romance"
1853092207,Borders pixel South Africa Granite,Doloribus adipisci id sit pariatur quas error hic sunt numquam eveniet pariatur tempore inventore omnis.,1978,T,128,PAK,1,"Horror,SciFi,Comedy"
69070903,6th generation revolutionize rich,Occaecati voluptates maiores nulla velit et qui omnis et possimus doloribus.,1964,C,99,VUT,10,"Fantasy,Drama,Action,Romance"
762412125,,Et nihil voluptatem praesentium beatae reiciendis sint adipisci debitis omnis aut nemo sed.,1,R16,9,BI,0,
781123268,bypass,Expedita dignissimos quo aut autem rerum rerum vel sint quis autem fuga natus dolor quisquam.,1998,G,318,EST,10,"SciFi,Action"
1439252725,cross-platform Investment Account Assurance National,Quia harum autem minus velit aut architecto voluptas saepe quisquam consequatur ipsam vitae similique.,1987,9,90,BIH,7,"Fantasy,Comedy,Action,Mystery"
1455169324,Ergonomic Granite Rustic Frozen Cheese maroon compressing,Voluptas id occaecati distinctio veniam aut.,1943,U/A,220,ITA,8,"Drama,Action,Mystery,Western"
1147261723,Germany,Perferendis sed id velit doloribus laudantium non nam.,1962,18,202,COM,1,"Romance,Drama"
1101573775,Handmade e-business Refined Wooden Hat deposit Digitized,Veniam quia et odio expedita deleniti quod voluptas aperiam sequi eum laborum enim.,1968,MA15+,222,MDG,5,"Romance,Drama,Mystery"
1856641928,e-commerce Decentralized,Eum suscipit sint sequi pariatur possimus.,1999,PG,124,SGS,2,"Romance,Fantasy,Western,Drama"
391983526,Outdoors & Industrial local,Rerum in dolor distinctio eos dolores soluta repellendus ad.,1952,R18,153,WLF,2,"Comedy,Drama,Western"
673987162,Savings Account,Vitae repudiandae quia facilis natus consectetur enim sit laudantium.,2004,A,241,MLI,1,"Action,SciFi,Horror,Drama"
138147826,Voluptatem et commodi quia nobis nisi illum voluptatem sequi laboriosam ea est qui itaque et.,Excepturi beatae omnis ut sint veniam quos numquam voluptatum architecto doloremque.,1,TV-G,22,NA,6,Action
594685716,Oman,Aut minus magnam et aut.,1961,A,101,BGD,8,SciFi
334350509,Street Chief National,Dignissimos eligendi accusantium quasi doloremque et pariatur esse placeat quia quia minima et atque officiis.,1990,R,85,MLI,8,Action
68719650,Asperiores molestiae vel rerum provident iste fuga occaecati sed officia fugiat dolores adipisci maiores ipsam.,Nihil id quia officia velit neque corporis sint corporis repudiandae.,1,TV-G,8,GW,10,"Comedy,Action,Horror,Romance"
1727224140,Deleniti doloremque odio odit quidem eius alias sit accusamus iusto deleniti maxime maxime assumenda sed.,Quia corrupti cum cum est aperiam optio iste.,1,C,23,JO,8,
182856072,Garden New Zealand Dollar Lead Metal,Earum expedita odit cumque aliquam.,1971,TV-Y7,233,VAT,3,"Mystery,Thriller,Fantasy,Comedy"
938463307,,Autem necessitatibus distinctio enim vero vel dignissimos ratione explicabo itaque occaecati non consequuntur illo.,1,12A,5,HN,0,
732884200,Groves Creative,Possimus dolorem dicta magni deleniti ab ad aut soluta quisquam est voluptas illo.,1974,EC,149,PAK,10,"Romance,Drama"
57765204,e-services granular,Est reprehenderit explicabo adipisci maiores odio aut sint quia accusantium iure.,1984,G,301,FJI,6,"Drama,Action,Adventure,Fantasy"
1322935599,,Quibusdam est ratione quo earum reiciendis nobis est quia nesciunt possimus.,1,X18,4,PM,6,
